c_count,custdist
0,250012
1,100
2,620
3,2000
4,5124
5,10021
6,16392
7,23294
8,29187
9,32552
10,32932
11,31107
12,27918
13,24974
14,22618
15,21698
16,21876
17,22772
18,22986
19,23081
20,22415
21,21240
22,18830
23,16105
24,13592
25,10635
26,8015
27,6038
28,4250
29,2780
30,1885
31,1196
32,731
33,468
34,240
35,148
36,88
37,42
38,23
39,12
40,1
41,1
42,1
