c_count,custdist
0,250012
10,32932
9,32552
11,31107
8,29187
12,27918
13,24974
7,23294
19,23081
18,22986
17,22772
14,22618
20,22415
16,21876
15,21698
21,21240
22,18830
6,16392
23,16105
24,13592
25,10635
5,10021
26,8015
27,6038
4,5124
28,4250
29,2780
3,2000
30,1885
31,1196
32,731
2,620
33,468
34,240
35,148
1,100
36,88
37,42
38,23
39,12
42,1
41,1
40,1
